타임스탬프,성별,대학교,전공,학년,통학시간,공강유무,평균공강시간,뭐하는지,어디가는지,얼마나가는지,누구와가는지,충분한지,뭘하고싶은지
8-30-2024 22:35:01,여자,국민대,국제경영,졸업유예 / 졸업,10분 미만,있다.,1~3시간,"과제/공부, 식사",집,5회 이상,혼자,충분하지 않다.,수다
8-30-2024 22:48:20,남자,국민대학교,지역학,4학년,30분 이상 - 1시간 미만,있다.,1~3시간,과제/공부,"과방/과실, 도서관",1~2회,혼자,충분하지 않다.,잠
8-30-2024 22:49:28,여자,국민대,패션,4학년,10분 미만,없다.,,,,,,충분하지 않다.,잠
8-30-2024 22:49:44,여자,홍익대학교,산업디자인전공,3학년,10분 미만,있다.,1~3시간,"과제/공부, 잠",과방/과실,5회 이상,친구,충분하다.,잠
8-30-2024 22:49:53,여자,홍익대,산업디자인,4학년,10분 이상 - 30분 미만,없다.,,,,,,충분하다.,과제
8-30-2024 22:50:24,여자,홍익대학교,디자인컨버전스학부,졸업유예 / 졸업,30분 이상 - 1시간 미만,있다.,1~3시간,과제/공부,"카페, 라운지(교내 내 개방된 공간)",3~5회,혼자,충분하지 않다.,잠
8-30-2024 22:50:30,여자,홍익대학교,디자인컨버전스학부,4학년,10분 미만,있다.,1~3시간,"과제/공부, 식사",우리집,3~5회,혼자,충분하지 않다.,잠
8-30-2024 22:53:40,여자,홍익대,디자인컨버전스학부,졸업유예 / 졸업,1시간 이상 - 2시간 미만,있다.,1~3시간,과제/공부,카페,1~2회,혼자,충분하지 않다.,과제
8-30-2024 22:54:51,여자,홍익대학교,디자인컨버전스학부,졸업유예 / 졸업,10분 미만,있다.,1시간 미만,"과제/공부, 술","카페, 라운지(교내 내 개방된 공간)",5회 이상,친구,충분하다.,과제
8-30-2024 23:15:01,남자,한동대,법,4학년,10분 미만,있다.,1시간 미만,과제/공부,"카페, 과방/과실",3~5회,친구,충분하지 않다.,잠
8-30-2024 23:18:27,여자,홍익대학교,디자인컨버전스학부,4학년,2시간 이상,있다.,1~3시간,"과제/공부, 식사",라운지(교내 내 개방된 공간),1~2회,혼자,충분하지 않다.,과제
8-30-2024 23:19:47,여자,이화여대학교,첼로,대학원생,30분 이상 - 1시간 미만,있다.,1시간 미만,"대화, 식사","카페, 라운지(교내 내 개방된 공간)",1~2회,친구,충분하다.,잠
8-30-2024 23:20:03,여자,숙명여대학교,아동복지학부,4학년,1시간 이상 - 2시간 미만,있다.,3~5시간,"과제/공부, 식사","도서관, 라운지(교내 내 개방된 공간)",5회 이상,혼자,충분하다.,잠
8-30-2024 23:20:23,여자,경동대학교,스포츠마케팅학과,졸업유예 / 졸업,30분 이상 - 1시간 미만,있다.,1~3시간,"식사, 친구들과 카페","카페, 라운지(교내 내 개방된 공간)",1~2회,친구,충분하다.,수다
8-30-2024 23:22:36,여자,가톨릭대학교,영어영문학부,4학년,30분 이상 - 1시간 미만,없다.,,,,,,충분하지 않다.,잠
8-30-2024 23:25:56,여자,서울대학교,노어노문학과,졸업유예 / 졸업,1시간 이상 - 2시간 미만,있다.,1~3시간,"과제/공부, 식사","과방/과실, 라운지(교내 내 개방된 공간)",5회 이상,친구,충분하지 않다.,잠
8-30-2024 23:26:53,여자,동국대,산업시스템공학과,졸업유예 / 졸업,1시간 이상 - 2시간 미만,있다.,1~3시간,과제/공부,도서관,1~2회,혼자,충분하지 않다.,잠
8-30-2024 23:27:20,남자,서울대학교,국사학과,졸업유예 / 졸업,10분 이상 - 30분 미만,있다.,1~3시간,"대화, 식사","도서관, 라운지(교내 내 개방된 공간)",3~5회,혼자,충분하지 않다.,잠
8-30-2024 23:28:48,남자,동국대학교,정보통신공학과,4학년,10분 미만,있다.,1시간 미만,"잠, 식사","과방/과실, 자취방",1~2회,친구,충분하지 않다.,잠
8-30-2024 23:30:47,여자,서울대학교,인문계열(전공 미정),1학년,10분 이상 - 30분 미만,있다.,1~3시간,"대화, 식사",과방/과실,5회 이상,친구,충분하지 않다.,잠
8-30-2024 23:32:16,여자,이화여대학교,컴퓨터공학과,4학년,1시간 이상 - 2시간 미만,있다.,1~3시간,"대화, 식사","카페, 라운지(교내 내 개방된 공간)",3~5회,친구,충분하지 않다.,잠
8-30-2024 23:32:35,여자,성신여대학교,화학에너지융합학부,3학년,1시간 이상 - 2시간 미만,있다.,1~3시간,"대화, 식사","과방/과실, 라운지(교내 내 개방된 공간)",3~5회,친구,충분하지 않다.,과제
8-30-2024 23:34:45,남자,동국대학교,컴퓨터공학,4학년,10분 미만,없다.,,,,,,충분하지 않다.,과제
8-30-2024 23:39:52,남자,서울대학교,역사학부 한국사학전공,2학년,30분 이상 - 1시간 미만,있다.,1~3시간,"과제/공부, 식사","동아리방, 과방/과실",3~5회,혼자,충분하다.,잠
8-30-2024 23:40:22,남자,한남대학교,융합디자인,4학년,10분 이상 - 30분 미만,있다.,1~3시간,"과제/공부, 식사","카페, 라운지(교내 내 개방된 공간)",3~5회,친구,충분하다.,과제
8-30-2024 23:44:45,여자,혜전대학교,작업치료과,졸업유예 / 졸업,1시간 이상 - 2시간 미만,없다.,,,,,,충분하지 않다.,잠
8-30-2024 23:47:48,남자,건양대,작업치료학과,4학년,30분 이상 - 1시간 미만,없다.,,,,,,충분하다.,잠
8-30-2024 23:47:58,여자,고려대학교,지리교육과,2학년,10분 미만,있다.,1~3시간,"대화, 식사","카페, 라운지(교내 내 개방된 공간)",3~5회,친구,충분하다.,잠
8-30-2024 23:50:26,여자,강원대학교,치위생학과,졸업유예 / 졸업,10분 이상 - 30분 미만,있다.,1~3시간,"과제/공부, 식사","과방/과실, 라운지(교내 내 개방된 공간)",1~2회,친구,충분하지 않다.,잠
8-30-2024 23:50:53,여자,서강대학교,신문방송학과,1학년,30분 이상 - 1시간 미만,있다.,1~3시간,"대화, 식사","카페, 과방/과실",3~5회,친구,충분하지 않다.,수다
8-30-2024 23:50:58,여자,한국외국어대학교,이탈리아어통번역학과,4학년,10분 미만,없다.,,,,,,충분하다.,잠
8-30-2024 23:57:58,여자,상명대학교,글로벌경영학과,졸업유예 / 졸업,1시간 이상 - 2시간 미만,있다.,1~3시간,"과제/공부, 식사","도서관, 라운지(교내 내 개방된 공간)",1~2회,혼자,충분하지 않다.,잠
8-31-2024 0:03:36,여자,동아방송예술대학교,방송기술,1학년,10분 이상 - 30분 미만,있다.,1~3시간,"잠, 식사",기숙사,5회 이상,혼자,충분하다.,과제
8-31-2024 0:08:21,여자,삼육대,체육학과,4학년,10분 이상 - 30분 미만,있다.,1~3시간,"카페가서 과제하기,동기들과 시간보내기","카페, 라운지(교내 내 개방된 공간)",1~2회,친구,충분하다.,잠
8-31-2024 0:09:40,남자,군산대학교,임베디드소프트웨어전공,4학년,10분 미만,있다.,1~3시간,식사,자취방,5회 이상,혼자,충분하지 않다.,잠
8-31-2024 0:10:24,여자,아주대,소프트웨어,졸업유예 / 졸업,1시간 이상 - 2시간 미만,있다.,1~3시간,"과제/공부, 놀아요",동아리방,5회 이상,친구,충분하지 않다.,수다
8-31-2024 0:15:20,여자,국민대학교,식품영양학과,졸업유예 / 졸업,1시간 이상 - 2시간 미만,있다.,1시간 미만,"과제/공부, 식사","카페, 라운지(교내 내 개방된 공간)",1~2회,혼자,충분하다.,잠
8-31-2024 0:17:43,여자,명지대학교,정보통신공학과,3학년,1시간 이상 - 2시간 미만,있다.,1~3시간,"과제/공부, 식사","도서관, 라운지(교내 내 개방된 공간)",3~5회,혼자,충분하다.,없어요
8-31-2024 0:18:24,여자,세종대학교,물리천문학과,4학년,10분 미만,없다.,,,,,,충분하지 않다.,수다
8-31-2024 0:20:54,남자,상명대학교,글로벌경영,4학년,30분 이상 - 1시간 미만,있다.,1~3시간,"잠, 식사","카페, 차 안에서 휴식",1~2회,혼자,충분하지 않다.,잠
8-31-2024 0:21:12,여자,성신여대학교,의류산업학과,졸업유예 / 졸업,1시간 이상 - 2시간 미만,있다.,1~3시간,"잠, 식사","과방/과실, 라운지(교내 내 개방된 공간)",1~2회,혼자,충분하다.,잠
8-31-2024 0:23:34,여자,국민대,사회학,졸업유예 / 졸업,1시간 이상 - 2시간 미만,없다.,,,,,,충분하지 않다.,잠
8-31-2024 0:25:53,여자,덕성여대학교,컴퓨터공학전공,4학년,30분 이상 - 1시간 미만,있다.,1~3시간,"과제/공부, 식사",도서관,1~2회,혼자,충분하지 않다.,잠
8-31-2024 0:28:50,남자,아주대학교,기계공학과,3학년,10분 미만,있다.,1~3시간,"잠, 집 , 동방","동아리방, 집",3~5회,혼자,충분하다.,잠
8-31-2024 0:30:00,여자,경복대학교,간호학과,졸업유예 / 졸업,1시간 이상 - 2시간 미만,있다.,1~3시간,"과제/공부, 식사","도서관, 라운지(교내 내 개방된 공간)",3~5회,친구,충분하지 않다.,잠
8-31-2024 0:30:51,여자,경희대학교,경영,졸업유예 / 졸업,1시간 이상 - 2시간 미만,있다.,1~3시간,"잠, 식사",동아리방,3~5회,친구,충분하다.,수다
8-31-2024 0:46:41,여자,인하대,경영학,졸업유예 / 졸업,10분 미만,있다.,1~3시간,잠,"카페, 과방/과실",3~5회,친구,충분하지 않다.,잠
8-31-2024 0:52:57,남자,중앙대학교,전자,3학년,10분 미만,없다.,,,,,,충분하다.,과제
8-31-2024 0:55:29,남자,세종대,전자공학,졸업유예 / 졸업,1시간 이상 - 2시간 미만,있다.,1~3시간,"과제/공부, 대화","카페, 라운지(교내 내 개방된 공간)",3~5회,친구,충분하다.,수다
8-31-2024 0:58:30,여자,홍익대학교,"디자인컨버전스, 시각디자인",졸업유예 / 졸업,2시간 이상,있다.,1~3시간,"과제/공부, 식사","카페, 라운지(교내 내 개방된 공간)",1~2회,혼자,충분하지 않다.,잠
8-31-2024 1:35:03,여자,상명대,글경,3학년,1시간 이상 - 2시간 미만,있다.,1~3시간,"과제/공부, 식사","카페, 라운지(교내 내 개방된 공간)",3~5회,혼자,충분하지 않다.,잠
8-31-2024 1:40:50,남자,신한대,기계공학과,졸업유예 / 졸업,10분 이상 - 30분 미만,있다.,1~3시간,"과제/공부, 대화","동아리방, 과방/과실",3~5회,친구,충분하지 않다.,잠
8-31-2024 1:46:23,여자,삼육대학교,상담심리학과,졸업유예 / 졸업,1시간 이상 - 2시간 미만,있다.,1~3시간,식사,"도서관, 라운지(교내 내 개방된 공간)",1~2회,혼자,충분하지 않다.,식사
8-31-2024 2:19:17,여자,세종대 ,법학,4학년,10분 미만,있다.,1시간 미만,"대화, 식사","동아리방, 도서관",3~5회,친구,충분하지 않다.,수다
8-31-2024 2:25:15,여자,광운대,전자,4학년,10분 미만,있다.,1~3시간,"식사, 친구들이링 놀기","라운지(교내 내 개방된 공간), 자취방",5회 이상,친구,충분하지 않다.,수다
8-31-2024 3:23:03,여자,숙명여대학교,의류학,4학년,1시간 이상 - 2시간 미만,있다.,1~3시간,"과제/공부, 식사",라운지(교내 내 개방된 공간),3~5회,혼자,충분하다.,잠
8-31-2024 4:09:49,여자,아주대학교,건축학과,4학년,10분 이상 - 30분 미만,있다.,3~5시간,대화,카페,1~2회,친구,충분하다.,잠
8-31-2024 4:37:20,남자,건국대학교,화공,4학년,10분 미만,있다.,1시간 미만,"과제/공부, 잠",집,5회 이상,친구,충분하지 않다.,식사
8-31-2024 5:01:50,여자,홍익대학교,디자인컨버전스학부,4학년,10분 이상 - 30분 미만,있다.,1~3시간,"잠, 식사","라운지(교내 내 개방된 공간), 집",1~2회,혼자,충분하지 않다.,독서 / 도서관이 넘 구석에 있어서 가기 힘들어요 ㅜㅜ
8-31-2024 5:15:33,남자,상명대학교,커뮤니케이션,3학년,10분 미만,있다.,5시간 이상,"과제/공부, 잠","카페, 라운지(교내 내 개방된 공간)",1~2회,혼자,충분하지 않다.,수다
8-31-2024 6:39:22,여자,한남대,영문,4학년,10분 미만,있다.,5시간 이상,과제/공부,기숙사,5회 이상,혼자,충분하다.,잠
8-31-2024 7:30:29,남자,한남대,경영학,2학년,10분 이상 - 30분 미만,없다.,,,,,,충분하다.,과제
8-31-2024 8:35:27,남자,충남도립대,전기전자공학,2학년,10분 이상 - 30분 미만,있다.,1~3시간,"대화, 여가","카페, 교내 기숙사",5회 이상,친구,충분하다.,수다
8-31-2024 8:45:41,여자,연세대학교,국어교육,대학원생,2시간 이상,없다.,,,,,,충분하다.,잠
8-31-2024 8:48:36,여자,숙명여대,경제학부,졸업유예 / 졸업,30분 이상 - 1시간 미만,있다.,1시간 미만,"잠, 식사","과방/과실, 도서관",3~5회,친구,충분하다.,수다
8-31-2024 9:51:38,여자,성균관대,사학,졸업유예 / 졸업,1시간 이상 - 2시간 미만,있다.,1~3시간,"대화, 식사","카페, 과방/과실",3~5회,친구,충분하지 않다.,잠
8-31-2024 9:51:57,여자,서강대학교,영미어문,4학년,10분 이상 - 30분 미만,있다.,1~3시간,"과제/공부, 대화",카페,3~5회,친구,충분하다.,수다
8-31-2024 9:58:15,여자,서울대학교,국사학,대학원생,10분 이상 - 30분 미만,있다.,1~3시간,"대화, 식사","과방/과실, 라운지(교내 내 개방된 공간)",3~5회,친구,충분하지 않다.,식사
8-31-2024 10:17:53,남자,국민대,회계학,3학년,10분 이상 - 30분 미만,없다.,,,,,,충분하다.,잠
8-31-2024 10:24:55,여자,혜전대학교,작업치료과,졸업유예 / 졸업,10분 이상 - 30분 미만,있다.,1~3시간,"잠, 식사",카페,3~5회,친구,충분하지 않다.,잠
8-31-2024 10:57:42,여자,혜전대학교,작업치료과,졸업유예 / 졸업,2시간 이상,있다.,1시간 미만,잠,"카페, 과방/과실",3~5회,친구,충분하다.,과제
8-31-2024 11:01:36,여자,이화여대학교,경영학부,4학년,1시간 이상 - 2시간 미만,있다.,1~3시간,"대화, 식사",라운지(교내 내 개방된 공간),3~5회,친구,충분하지 않다.,과제
8-31-2024 11:50:57,여자,세종대학교,음악과,4학년,30분 이상 - 1시간 미만,있다.,1~3시간,"잠, 식사","카페, 과방/과실",3~5회,친구,충분하지 않다.,잠
8-31-2024 11:54:20,남자,명지대학교,산업겅영공학과,졸업유예 / 졸업,1시간 이상 - 2시간 미만,있다.,1~3시간,"대화, 식사","과방/과실, 라운지(교내 내 개방된 공간)",3~5회,친구,충분하다.,잠
8-31-2024 12:03:54,남자,순천향대학교,환경보건학과,졸업유예 / 졸업,30분 이상 - 1시간 미만,있다.,1~3시간,"과제/공부, 대화","도서관, 친구 방",3~5회,친구,충분하다.,잠
8-31-2024 12:05:03,남자,국민대학교,국제경영,4학년,1시간 이상 - 2시간 미만,없다.,,,,,,충분하지 않다.,"잠, 식사"
8-31-2024 12:05:42,여자,홍익대학교,산업데이터공학과,3학년,10분 이상 - 30분 미만,있다.,1~3시간,"대화, 식사",카페,1~2회,친구,충분하지 않다.,수다
8-31-2024 12:14:25,여자,국민대학교,자동차공학,대학원생,10분 이상 - 30분 미만,없다.,,,,,,충분하지 않다.,휴식
8-31-2024 12:14:53,남자,국민대학교,자동차IT융합,대학원생,30분 이상 - 1시간 미만,있다.,1~3시간,"대화, 산책","동아리방, 라운지(교내 내 개방된 공간)",5회 이상,친구,충분하지 않다.,잠
8-31-2024 12:15:39,여자,한국예술종합학교,연기 전공,3학년,10분 미만,없다.,,,,,,충분하지 않다.,잠
8-31-2024 12:23:29,남자,한국외국어대학교,전자물리학과,졸업유예 / 졸업,2시간 이상,있다.,1~3시간,"대화, 식사","카페, 라운지(교내 내 개방된 공간)",3~5회,친구,충분하다.,수다
8-31-2024 12:24:25,여자,대진대학교,스포츠건강과학과,4학년,1시간 이상 - 2시간 미만,있다.,1~3시간,"대화, 식사","카페, 라운지(교내 내 개방된 공간)",3~5회,혼자,충분하지 않다.,식사
8-31-2024 12:24:33,여자,홍익대학교,산업공학과,졸업유예 / 졸업,30분 이상 - 1시간 미만,있다.,1~3시간,"과제/공부, 식사",카페,3~5회,혼자,충분하지 않다.,잠
8-31-2024 12:26:18,남자,서강대학교,커뮤니케이션,졸업유예 / 졸업,10분 이상 - 30분 미만,있다.,1~3시간,"과제/공부, 식사","동아리방, 과방/과실",3~5회,친구,충분하지 않다.,잠
8-31-2024 12:29:47,남자,백석예술대학교,실용음악과 보컬파트 ,졸업유예 / 졸업,1시간 이상 - 2시간 미만,있다.,1~3시간,잠,카페,5회 이상,혼자,충분하다.,잠
8-31-2024 12:30:40,여자,용인대학교,스포츠레저,3학년,2시간 이상,있다.,1시간 미만,"대화, 식사",카페,1~2회,친구,충분하지 않다.,수다
8-31-2024 12:30:41,남자,성균관대학교 ,에너지학과,1학년,10분 미만,없다.,,,,,,충분하다.,잠
8-31-2024 12:33:07,여자,대진대학교,스포츠건강과학과,4학년,1시간 이상 - 2시간 미만,있다.,1~3시간,"잠, 식사","카페, 라운지(교내 내 개방된 공간)",1~2회,친구,충분하지 않다.,과제
8-31-2024 12:34:23,여자,대진대학교,스포츠건강과학과,4학년,30분 이상 - 1시간 미만,있다.,1시간 미만,과제/공부,"카페, 라운지(교내 내 개방된 공간)",1~2회,친구,충분하지 않다.,과제
8-31-2024 12:37:15,남자,건국대학교,체육교육과,졸업유예 / 졸업,10분 이상 - 30분 미만,있다.,1~3시간,"과제/공부, 식사","카페, Pc방",3~5회,친구,충분하지 않다.,잠
8-31-2024 12:38:05,여자,서울과학기술대학교,금속공예디자인학과,대학원생,30분 이상 - 1시간 미만,있다.,5시간 이상,"과제/공부, 과사 근로, 드로잉","카페, 학과사무실",3~5회,혼자,충분하지 않다.,과제
8-31-2024 12:51:31,남자,국민대학교,자동차공학과,졸업유예 / 졸업,10분 이상 - 30분 미만,있다.,1~3시간,대화,"과방/과실, 도서관",5회 이상,친구,충분하지 않다.,수다
8-31-2024 12:53:10,남자,국민대학교,기계공학,졸업유예 / 졸업,10분 이상 - 30분 미만,있다.,1~3시간,"대화, 식사","카페, 동아리방",5회 이상,친구,충분하지 않다.,수다
8-31-2024 12:54:33,남자,부천대학교,전기과,1학년,2시간 이상,있다.,5시간 이상,"잠, 식사",피씨방,3~5회,친구,충분하지 않다.,과제
8-31-2024 12:55:24,여자,국민대학교,소프트웨어전공,졸업유예 / 졸업,10분 미만,있다.,1~3시간,"과제/공부, 대화","동아리방, 과방/과실",3~5회,친구,충분하지 않다.,식사
8-31-2024 13:01:45,여자,동국대학교,정보통신공학전공,4학년,10분 이상 - 30분 미만,없다.,,,,,,충분하다.,잠
8-31-2024 13:05:44,여자,가천대학교,성악,대학원생,1시간 이상 - 2시간 미만,있다.,1시간 미만,"과제/공부, 식사","카페, 라운지(교내 내 개방된 공간)",1~2회,혼자,충분하다.,잠
8-31-2024 13:08:10,남자,국민대학교,기계시스템공학,졸업유예 / 졸업,1시간 이상 - 2시간 미만,있다.,1~3시간,"대화, 운동","카페, 동아리방",3~5회,친구,충분하지 않다.,수다
8-31-2024 13:14:30,남자,서울대학교,농생명공학부,대학원생,1시간 이상 - 2시간 미만,없다.,,,,,,충분하지 않다.,잠
8-31-2024 13:15:52,여자,부산대학교,간호학과,1학년,2시간 이상,있다.,3~5시간,"잠, 식사","카페, 도서관",3~5회,친구,충분하다.,잠
8-31-2024 13:21:10,여자,동원대,소방,졸업유예 / 졸업,2시간 이상,있다.,1시간 미만,업무,과방/과실,3~5회,혼자,충분하다.,잠
8-31-2024 13:22:20,여자,국민대,소프트웨어전공,졸업유예 / 졸업,1시간 이상 - 2시간 미만,있다.,3~5시간,"과제/공부, 식사","동아리방, 라운지(교내 내 개방된 공간)",3~5회,혼자,충분하다.,과제
8-31-2024 13:33:19,남자,국민대학교,자동차공학과,대학원생,10분 이상 - 30분 미만,있다.,1~3시간,"대화, 식사","카페, 라운지(교내 내 개방된 공간)",3~5회,친구,충분하지 않다.,잔디밭 누워있기
8-31-2024 13:39:07,여자,서울대학교,미학과,4학년,30분 이상 - 1시간 미만,있다.,1시간 미만,"과제/공부, 식사","카페, 라운지(교내 내 개방된 공간)",3~5회,혼자,충분하지 않다.,잠
8-31-2024 13:43:46,남자,국민대학교,국제경영,3학년,2시간 이상,있다.,1~3시간,대화,라운지(교내 내 개방된 공간),3~5회,친구,충분하다.,수다
8-31-2024 14:42:19,남자,인하공업전문대학교,토목환경과,졸업유예 / 졸업,1시간 이상 - 2시간 미만,있다.,1~3시간,"잠, 식사","카페, 도서관",5회 이상,혼자,충분하다.,잠
8-31-2024 14:50:12,남자,0,0,졸업유예 / 졸업,10분 미만,있다.,1~3시간,"과제/공부, 대화","카페, 라운지(교내 내 개방된 공간)",3~5회,혼자,충분하다.,잠
8-31-2024 14:53:07,남자,명지대,디자인학부,졸업유예 / 졸업,30분 이상 - 1시간 미만,있다.,1~3시간,"과제/공부, 대화","카페, 과방/과실",5회 이상,친구,충분하지 않다.,잠
8-31-2024 15:04:57,여자,폴리텍,산업디자인,졸업유예 / 졸업,1시간 이상 - 2시간 미만,있다.,1~3시간,"잠, 식사",카페,3~5회,혼자,충분하지 않다.,과제
8-31-2024 15:26:17,남자,국민대,사회학,졸업유예 / 졸업,30분 이상 - 1시간 미만,없다.,,,,,,충분하지 않다.,수다
8-31-2024 15:39:37,여자,상명대학교,글로벌경영학과,3학년,1시간 이상 - 2시간 미만,있다.,1~3시간,대화,"카페, 라운지(교내 내 개방된 공간)",3~5회,친구,충분하지 않다.,잠
8-31-2024 15:57:36,여자,홍익대학교,디자인컨버전스학부,3학년,10분 미만,없다.,,,,,,충분하다.,잠
8-31-2024 16:04:50,남자,명지대학교,디자인학부 산업디자인 전공,졸업유예 / 졸업,10분 미만,있다.,1~3시간,잠,"카페, 과방/과실",5회 이상,친구,충분하지 않다.,잠
8-31-2024 16:05:01,남자,명지대학교,산업디자인학과,1학년,1시간 이상 - 2시간 미만,있다.,1~3시간,"과제/공부, 식사","동아리방, 과방/과실",5회 이상,친구,충분하다.,잠
8-31-2024 16:14:59,여자,명지대학교,산업디자인과,1학년,10분 미만,있다.,1~3시간,"과제/공부, 식사","과방/과실, 도서관",5회 이상,친구,충분하지 않다.,잠
8-31-2024 16:20:57,여자,명지대학교,산업디자인과,1학년,10분 미만,있다.,1~3시간,"과제/공부, 식사","과방/과실, 라운지(교내 내 개방된 공간)",3~5회,친구,충분하지 않다.,식사
8-31-2024 16:34:56,여자,홍익대학교,기계시스템디자인공학과,대학원생,1시간 이상 - 2시간 미만,있다.,1~3시간,식사,"카페, 도서관",1~2회,친구,충분하지 않다.,잠
8-31-2024 16:35:16,남자,홍익대학교,기계시스템디자인공학과,3학년,10분 이상 - 30분 미만,있다.,1~3시간,근로,랩실,3~5회,혼자,충분하지 않다.,과제
8-31-2024 16:35:36,남자,홍익대학교,기계시스템디자인공학과,졸업유예 / 졸업,1시간 이상 - 2시간 미만,있다.,1~3시간,"식사, 당구 또는 멍때리기","동아리방, 당구장",3~5회,친구,충분하지 않다.,잠
8-31-2024 16:37:55,남자,명지대학교,산업디자인,졸업유예 / 졸업,2시간 이상,있다.,1~3시간,대화,과방/과실,5회 이상,친구,충분하다.,수다
8-31-2024 16:41:05,남자,명지대,산업디자인,4학년,10분 미만,있다.,1~3시간,"대화, 식사",과방/과실,5회 이상,친구,충분하다.,수다
8-31-2024 16:44:55,여자,서울대학교,시각디자인과,2학년,10분 이상 - 30분 미만,없다.,,,,,,충분하다.,잠
8-31-2024 16:45:34,여자,명지대학교,산업디자인,4학년,10분 이상 - 30분 미만,있다.,1시간 미만,식사,"과방/과실, 라운지(교내 내 개방된 공간)",1~2회,혼자,충분하지 않다.,과제
8-31-2024 16:45:43,여자,서울기독대학교,운동건강관리학과,졸업유예 / 졸업,30분 이상 - 1시간 미만,있다.,1~3시간,식사,과방/과실,1~2회,친구,충분하지 않다.,식사
8-31-2024 16:46:43,여자,건국대학교,화학공학,졸업유예 / 졸업,1시간 이상 - 2시간 미만,있다.,1~3시간,"과제/공부, 식사","도서관, 라운지(교내 내 개방된 공간)",1~2회,친구,충분하다.,과제
8-31-2024 16:51:27,여자,혜전대학교,작업치료,졸업유예 / 졸업,10분 미만,있다.,1시간 미만,"과제/공부, 대화","과방/과실, 라운지(교내 내 개방된 공간)",1~2회,친구,충분하지 않다.,수다
8-31-2024 16:52:46,여자,국민대학교,KIBS,졸업유예 / 졸업,1시간 이상 - 2시간 미만,있다.,1~3시간,"대화, 식사","카페, 과방/과실",5회 이상,친구,충분하다.,잠
8-31-2024 16:55:46,여자,단국대,식량생명공학,졸업유예 / 졸업,10분 이상 - 30분 미만,있다.,1~3시간,식사,라운지(교내 내 개방된 공간),3~5회,친구,충분하다.,잠
8-31-2024 17:01:04,남자,홍익대학교,실내건축학과,4학년,30분 이상 - 1시간 미만,있다.,1~3시간,과제/공부,카페,3~5회,혼자,충분하지 않다.,잠
8-31-2024 17:04:41,여자,이화여대학교,화공신소재공학과,1학년,1시간 이상 - 2시간 미만,있다.,1~3시간,"대화, 식사","카페, 라운지(교내 내 개방된 공간)",3~5회,친구,충분하다.,과제
8-31-2024 17:08:09,남자,명지대학교,산업디자인,졸업유예 / 졸업,2시간 이상,있다.,1~3시간,"과제/공부, 대화",과방/과실,3~5회,친구,충분하지 않다.,잠
8-31-2024 17:09:39,남자,가톨릭대학교,신학,4학년,10분 미만,있다.,3~5시간,"과제/공부, 대화","도서관, 라운지(교내 내 개방된 공간)",5회 이상,친구,충분하다.,과제
8-31-2024 17:10:35,남자,명지대학교,문예창작과,3학년,10분 이상 - 30분 미만,있다.,1~3시간,"과제/공부, 식사 대화 수면","카페, 빈 교실",1~2회,친구,충분하지 않다.,잠
8-31-2024 17:17:22,여자,광운대,전자재료공학과,4학년,30분 이상 - 1시간 미만,있다.,1~3시간,과제/공부,카페,1~2회,친구,충분하지 않다.,수다
8-31-2024 17:27:30,남자,상명대학교,글로벌경영,4학년,30분 이상 - 1시간 미만,있다.,1~3시간,"대화, 식사","카페, 라운지(교내 내 개방된 공간)",1~2회,친구,충분하지 않다.,잠
8-31-2024 17:28:07,여자,상명대,글로벌경영학과,졸업유예 / 졸업,1시간 이상 - 2시간 미만,있다.,1~3시간,"잠, 식사","카페, 라운지(교내 내 개방된 공간)",3~5회,친구,충분하지 않다.,잠
8-31-2024 17:28:41,여자,명지대학교,산업디자인,졸업유예 / 졸업,1시간 이상 - 2시간 미만,없다.,,,,,,충분하지 않다.,과제
8-31-2024 17:31:41,여자,강남대학교,문화콘텐츠,4학년,1시간 이상 - 2시간 미만,있다.,1~3시간,"과제/공부, 식사","카페, 라운지(교내 내 개방된 공간)",1~2회,혼자,충분하다.,잠
8-31-2024 17:34:50,남자,홍익대학교,Smart Design Engineering 전공,대학원생,1시간 이상 - 2시간 미만,있다.,1~3시간,"과제/공부, 랩실로 이동",노트북열람실 혹은 점심식사하러,1~2회,혼자,충분하다.,"학사 공지 놓치지않고있는지 공지하는 게시판이 있으면 좋겠어요 기존 공간(열람실, 라운지 등)에다가 큰 스크린을 부착하는 방식으로요. 마치 일종의 ‘오프라인 에타’를 만들어서 학생들에게 학교 공간 안에서도 공지를 놓치는 일이 없도록 하면 좋겠어요."
8-31-2024 17:39:07,남자,홍익대학교,기계,졸업유예 / 졸업,10분 이상 - 30분 미만,있다.,1~3시간,"대화, 식사","카페, 라운지(교내 내 개방된 공간)",3~5회,혼자,충분하다.,수다
8-31-2024 17:41:18,여자,이화여대학교,화공신소재공학과,1학년,30분 이상 - 1시간 미만,있다.,1~3시간,"대화, 식사",라운지(교내 내 개방된 공간),3~5회,친구,충분하다.,과제
8-31-2024 17:48:18,여자,연세대학교,지속개발협력학과/국제경영,4학년,1시간 이상 - 2시간 미만,있다.,1~3시간,과외를 합니다....,"카페, 라운지(교내 내 개방된 공간)",3~5회,혼자,충분하다.,"복합공간 (나뉘어진 공간은 좀 눈치가 보이는데, 대부분 하나의 목적인 것 같습니다)"
8-31-2024 17:49:10,여자,성신여대학교,AI,2학년,1시간 이상 - 2시간 미만,있다.,1~3시간,"대화, 식사","카페, 라운지(교내 내 개방된 공간)",3~5회,친구,충분하다.,잠
8-31-2024 17:52:11,여자,동국대학교,산업시스템공학과,졸업유예 / 졸업,30분 이상 - 1시간 미만,있다.,1~3시간,"과제/공부, 식사","카페, 도서관",3~5회,혼자,충분하지 않다.,잠
8-31-2024 17:57:20,남자,한경국립대학교,화학공학과,3학년,10분 미만,있다.,1시간 미만,대화,"카페, 도서관",1~2회,친구,충분하지 않다.,과제
8-31-2024 17:57:52,남자,명지대학교,산업디자인학과,4학년,1시간 이상 - 2시간 미만,없다.,,,,,,충분하지 않다.,멍때리는 장소
8-31-2024 17:59:12,남자,홍익대학교,기계시스템디자인공학과,2학년,10분 이상 - 30분 미만,없다.,,,,,,충분하지 않다.,수다
8-31-2024 17:59:46,남자,숭실대학교,글로벌미디어학부,2학년,30분 이상 - 1시간 미만,없다.,,,,,,충분하다.,과제
8-31-2024 18:00:30,여자,홍익대,디자인컨버전스,4학년,2시간 이상,없다.,,,,,,충분하지 않다.,잠
8-31-2024 18:03:35,남자,경희대학교,행정학,2학년,10분 미만,있다.,1~3시간,"과제/공부, 잠","도서관, 라운지(교내 내 개방된 공간)",5회 이상,혼자,충분하지 않다.,잠
8-31-2024 18:04:57,여자,원광대학교,문예창작학과,2학년,10분 이상 - 30분 미만,있다.,1~3시간,"과제/공부, 식사","카페, 동아리방",3~5회,친구,충분하지 않다.,잠
8-31-2024 18:17:16,남자,중앙대학교,공공인재학부(정책학),4학년,1시간 이상 - 2시간 미만,있다.,1~3시간,"과제/공부, 대화","동아리방, 라운지(교내 내 개방된 공간)",5회 이상,친구,충분하지 않다.,잠
8-31-2024 18:20:27,남자,홍익대학교,기계시스템디자인공학과,4학년,30분 이상 - 1시간 미만,있다.,1~3시간,"과제/공부, 여가활동: 밴드부, 게임 등",동아리방,3~5회,친구,충분하지 않다.,수다
8-31-2024 18:25:11,남자,홍익대,산업디자인,4학년,10분 이상 - 30분 미만,있다.,1시간 미만,"과제/공부, 대화","동아리방, 도서관",3~5회,혼자,충분하다.,수다
8-31-2024 18:28:01,남자,명지대학교,경영,3학년,1시간 이상 - 2시간 미만,있다.,1~3시간,잠,"카페, 과방/과실",3~5회,친구,충분하지 않다.,잠
8-31-2024 18:38:17,여자,한국교원대학교,지구과학교육과,1학년,2시간 이상,없다.,,,,,,충분하지 않다.,과제
8-31-2024 18:47:16,남자,홍익대학교,기계시스템디자인공학과,1학년,1시간 이상 - 2시간 미만,없다.,,,,,,충분하지 않다.,잠
8-31-2024 18:52:03,남자,충북대학교,소프트웨어학과,4학년,10분 미만,있다.,1~3시간,"대화, 식사","동아리방, 과방/과실",3~5회,친구,충분하다.,잠
8-31-2024 18:53:34,여자,한성대학교,국어국문학,졸업유예 / 졸업,1시간 이상 - 2시간 미만,있다.,1~3시간,"과제/공부, 식사","카페, 라운지(교내 내 개방된 공간)",1~2회,친구,충분하지 않다.,잠
8-31-2024 18:57:04,남자,홍익대,기계,졸업유예 / 졸업,10분 이상 - 30분 미만,있다.,1~3시간,"대화, 식사","도서관, 라운지(교내 내 개방된 공간)",1~2회,혼자,충분하지 않다.,수다
8-31-2024 19:09:43,남자,홍익대,전자전기,졸업유예 / 졸업,10분 이상 - 30분 미만,있다.,1~3시간,"과제/공부, 대화","카페, 과방/과실",3~5회,친구,충분하지 않다.,잠
8-31-2024 19:13:31,여자,홍익대학교,기계시스템디자인공학과,2학년,10분 이상 - 30분 미만,있다.,5시간 이상,"과제/공부, 대화","카페, 도서관",3~5회,친구,충분하다.,잠
8-31-2024 19:18:58,여자,서울예술대학교,예술경영,1학년,1시간 이상 - 2시간 미만,있다.,1시간 미만,"잠, 식사","카페, 자취방",1~2회,혼자,충분하지 않다.,잠
8-31-2024 19:24:28,여자,대진대학교,연기예술전공,1학년,10분 미만,없다.,,,,,,충분하다.,잠
8-31-2024 19:29:38,남자,명지대학교,디자인학부 산업디자인전공,졸업유예 / 졸업,30분 이상 - 1시간 미만,있다.,1~3시간,"과제/공부, 식사","과방/과실, 도서관",3~5회,혼자,충분하지 않다.,잠
8-31-2024 19:35:10,여자,홍익대학교,기계시스템디자인공학과,4학년,1시간 이상 - 2시간 미만,있다.,1~3시간,과제/공부,랩실,3~5회,혼자,충분하지 않다.,식사
8-31-2024 19:36:36,남자,동국대학교,컴퓨터공학과,3학년,30분 이상 - 1시간 미만,있다.,1~3시간,"과제/공부, 식사","도서관, 빈 강의실",3~5회,혼자,충분하지 않다.,과제
8-31-2024 20:04:37,여자,홍익대,디자인컨버전스학부,4학년,1시간 이상 - 2시간 미만,있다.,1~3시간,"과제/공부, 식사",자취방,5회 이상,혼자,충분하지 않다.,수다
8-31-2024 20:06:26,여자,홍익대학교,경영학과,졸업유예 / 졸업,1시간 이상 - 2시간 미만,있다.,1~3시간,식사,카페,1~2회,친구,충분하다.,과제
8-31-2024 20:13:18,여자,가천대,한의학과,4학년,30분 이상 - 1시간 미만,없다.,,,,,,충분하다.,식사
8-31-2024 21:00:50,여자,홍익대학교,기계시스템디자인공학과,3학년,10분 미만,있다.,1~3시간,"잠, 식사","카페, 기숙사",5회 이상,친구,충분하지 않다.,잠
8-31-2024 21:06:19,여자,명지대,산업디자인전공,4학년,10분 이상 - 30분 미만,있다.,1~3시간,"과제/공부, 식사",과방/과실,3~5회,친구,충분하지 않다.,식사
8-31-2024 21:12:55,남자,충북대학교,공업화학과,졸업유예 / 졸업,10분 이상 - 30분 미만,있다.,1~3시간,과제/공부,도서관,3~5회,친구,충분하다.,잠
8-31-2024 21:49:45,여자,경기대학교,호텔경영,1학년,1시간 이상 - 2시간 미만,있다.,1~3시간,"잠, 식사","카페, 도서관",1~2회,혼자,충분하다.,수다
8-31-2024 22:04:10,남자,한성대,시각디자인,졸업유예 / 졸업,10분 이상 - 30분 미만,없다.,,,,,,충분하지 않다.,잠
8-31-2024 22:07:06,남자,세종대학교,건축공학과,1학년,1시간 이상 - 2시간 미만,없다.,,,,,,충분하다.,수다
8-31-2024 22:07:56,여자,서정대학교,응급구조과,2학년,30분 이상 - 1시간 미만,없다.,,,,,,충분하지 않다.,잠
8-31-2024 22:12:27,남자,상지대학교,체육학과,1학년,1시간 이상 - 2시간 미만,있다.,1~3시간,"과제/공부, 식사","카페, 피시방",3~5회,친구,충분하다.,과제
8-31-2024 22:14:11,남자,대진대,스마트모빌리티,3학년,30분 이상 - 1시간 미만,있다.,1~3시간,잠,도서관,3~5회,혼자,충분하다.,식사
8-31-2024 22:26:42,여자,대진대학교,미디어커뮤니케이션학과,2학년,1시간 이상 - 2시간 미만,있다.,1시간 미만,"대화, 식사","카페, 라운지(교내 내 개방된 공간)",1~2회,친구,충분하다.,수다
8-31-2024 22:44:08,여자,한국해양대학교,항해학부,졸업유예 / 졸업,10분 이상 - 30분 미만,있다.,1~3시간,잠,기숙사,5회 이상,친구,충분하다.,과제
8-31-2024 22:44:09,여자,숙명여대,환경디자인학과,2학년,1시간 이상 - 2시간 미만,있다.,1~3시간,"과제/공부, 식사","카페, 과방/과실",1~2회,친구,충분하지 않다.,잠
8-31-2024 22:48:20,남자,국민대,KIBS,졸업유예 / 졸업,30분 이상 - 1시간 미만,있다.,1~3시간,"대화, 식사",라운지(교내 내 개방된 공간),1~2회,혼자,충분하지 않다.,수다
8-31-2024 22:56:18,여자,숙명여대학교,경영학부,2학년,1시간 이상 - 2시간 미만,없다.,,,,,,충분하지 않다.,잠
9-1-2024 0:06:49,여자,덕성여대,글로벌융합학부,1학년,1시간 이상 - 2시간 미만,있다.,1~3시간,"잠, 식사","카페, 라운지(교내 내 개방된 공간)",3~5회,혼자,충분하다.,수다
9-1-2024 0:10:49,여자,인천대학교,기계공학과,졸업유예 / 졸업,10분 이상 - 30분 미만,있다.,1~3시간,과제/공부,"도서관, 연구실",0회,친구,충분하다.,잠
9-1-2024 0:36:36,여자,명지대학교,산업디자인,4학년,10분 미만,있다.,1~3시간,"과제/공부, 식사","과방/과실, 집에 가 있습니다",1~2회,혼자,충분하지 않다.,잠
9-1-2024 4:32:47,여자,동덕여대학교,응용화학전공,1학년,1시간 이상 - 2시간 미만,있다.,1~3시간,"잠, 식사",라운지(교내 내 개방된 공간),3~5회,친구,충분하지 않다.,잠
9-1-2024 5:51:25,여자,가톨릭대학교,미디어기술콘텐츠학과,3학년,1시간 이상 - 2시간 미만,있다.,1~3시간,"과제/공부, 식사","동아리방, 도서관",3~5회,친구,충분하지 않다.,잠
9-1-2024 14:02:37,남자,계원예술대학교,브랜딩,졸업유예 / 졸업,1시간 이상 - 2시간 미만,있다.,1~3시간,식사,카페,1~2회,혼자,충분하지 않다.,잠
9-1-2024 14:25:45,여자,연세대학교,행정학과,졸업유예 / 졸업,10분 이상 - 30분 미만,있다.,1~3시간,"잠, 식사","도서관, 라운지(교내 내 개방된 공간)",3~5회,혼자,충분하지 않다.,잠
9-1-2024 15:42:42,여자,순천향대학교,간호학과,1학년,10분 미만,있다.,1~3시간,"잠, 식사",기숙사,5회 이상,혼자,충분하지 않다.,수다
9-1-2024 22:34:41,여자,상명대,생활예술전공,2학년,2시간 이상,있다.,1~3시간,식사,카페,1~2회,친구,충분하지 않다.,과제
9-1-2024 23:13:26,여자,홍익대학교,디자인,졸업유예 / 졸업,10분 미만,있다.,1~3시간,"과제/공부, 식사","카페, 라운지(교내 내 개방된 공간)",1~2회,친구,충분하다.,잠
9-2-2024 7:02:56,남자,인덕대학교,도시기반시설공학과,졸업유예 / 졸업,1시간 이상 - 2시간 미만,있다.,1~3시간,"식사, 운동(축구,농구)",운동장,3~5회,친구,충분하다.,잠
9-2-2024 11:41:24,남자,세종대,전자,졸업유예 / 졸업,10분 미만,없다.,,,,,,충분하다.,과제
9-2-2024 12:15:11,여자,가천대학교,건축학과,2학년,1시간 이상 - 2시간 미만,있다.,1~3시간,과제/공부,과방/과실,5회 이상,친구,충분하다.,잠
9-2-2024 12:18:17,남자,가천대,건축학과,2학년,1시간 이상 - 2시간 미만,있다.,1시간 미만,"과제/공부, 잠","과방/과실, 라운지(교내 내 개방된 공간)",1~2회,혼자,충분하다.,잠
9-2-2024 12:20:02,여자,가천대학교,건축학과,2학년,30분 이상 - 1시간 미만,있다.,1~3시간,"과제/공부, 식사",과방/과실,5회 이상,친구,충분하지 않다.,잠
9-2-2024 12:23:15,여자,가천대학교,건축학과,2학년,1시간 이상 - 2시간 미만,있다.,1~3시간,"과제/공부, 식사",라운지(교내 내 개방된 공간),1~2회,혼자,충분하지 않다.,잠
9-2-2024 12:23:22,여자,가천대학교,건축학,2학년,10분 미만,있다.,1~3시간,"잠, 식사","카페, 과방/과실",3~5회,친구,충분하지 않다.,잠
9-2-2024 12:23:39,남자,가천대,건축학,2학년,10분 이상 - 30분 미만,있다.,1~3시간,"과제/공부, 식사",라운지(교내 내 개방된 공간),1~2회,혼자,충분하다.,과제
9-2-2024 12:23:49,남자,가천대학교,건축학과,2학년,30분 이상 - 1시간 미만,있다.,1시간 미만,"잠, 식사","카페, 과방/과실",1~2회,친구,충분하지 않다.,잠
9-2-2024 12:24:21,남자,가천대학고,건축학과,2학년,30분 이상 - 1시간 미만,없다.,,,,,,충분하지 않다.,잠
9-2-2024 12:27:56,여자,가천대학교,건축학과,2학년,2시간 이상,있다.,1~3시간,"대화, 식사","과방/과실, 도서관",3~5회,친구,충분하다.,잠
9-2-2024 12:32:08,남자,가천대,건축,2학년,30분 이상 - 1시간 미만,있다.,1~3시간,식사,과방/과실,5회 이상,친구,충분하지 않다.,과제
9-2-2024 12:37:13,남자,가천대학교,건축학과,4학년,10분 이상 - 30분 미만,있다.,1~3시간,식사,"과방/과실, 라운지(교내 내 개방된 공간)",5회 이상,친구,충분하지 않다.,잠
9-2-2024 12:38:12,여자,가천대학교,건축학과,3학년,1시간 이상 - 2시간 미만,있다.,1시간 미만,식사,과방/과실,5회 이상,친구,충분하지 않다.,잠
9-2-2024 12:38:54,남자,가천대학교,건축학전공,4학년,10분 미만,있다.,1~3시간,식사,과방/과실,5회 이상,친구,충분하지 않다.,수다
9-2-2024 12:39:18,여자,가천대학교,건축학과,4학년,1시간 이상 - 2시간 미만,있다.,1~3시간,과제/공부,"도서관, 라운지(교내 내 개방된 공간)",5회 이상,혼자,충분하지 않다.,잠
9-2-2024 12:48:57,여자,가천대학교,성악,4학년,10분 이상 - 30분 미만,있다.,5시간 이상,"잠, 식사","카페, 과방/과실",1~2회,친구,충분하지 않다.,잠
9-2-2024 12:49:30,남자,가천대학교,성악,3학년,1시간 이상 - 2시간 미만,있다.,1시간 미만,"잠, 식사",라운지(교내 내 개방된 공간),1~2회,혼자,충분하지 않다.,잠
9-2-2024 12:49:41,남자,가천대학교,음악학부,2학년,1시간 이상 - 2시간 미만,있다.,1~3시간,"과제/공부, 대화",카페,3~5회,친구,충분하지 않다.,연습실 시설 개선 연습실 시설이 너무 낙후되어 연습할 수 있는 환경이 아니다.
9-2-2024 12:50:33,남자,가천대학교,성악전공,4학년,1시간 이상 - 2시간 미만,있다.,1~3시간,"과제/공부, 식사","카페, 라운지(교내 내 개방된 공간)",5회 이상,혼자,충분하지 않다.,과제/수다/잠/식사 모두 할 수 있는 휴게공간이 절실히 필요합니다
9-2-2024 12:51:17,여자,가천대학교,음악학부,3학년,1시간 이상 - 2시간 미만,있다.,1~3시간,"과제/공부, 식사","카페, 라운지(교내 내 개방된 공간)",1~2회,혼자,충분하지 않다.,과제
9-2-2024 12:53:06,여자,가천대학교,음악학부,4학년,10분 이상 - 30분 미만,있다.,1~3시간,"잠, 식사","카페, 과방/과실",5회 이상,친구,충분하지 않다.,잠
9-2-2024 12:53:54,남자,가천대,건축학과,2학년,10분 미만,없다.,,,,,,충분하지 않다.,잠
9-2-2024 12:58:08,남자,가천대학교,성악과,3학년,2시간 이상,없다.,,,,,,충분하지 않다.,헬스장 풀개방
9-2-2024 12:58:55,여자,가천대,성악,3학년,1시간 이상 - 2시간 미만,있다.,1~3시간,"잠, 식사","도서관, 라운지(교내 내 개방된 공간)",1~2회,혼자,충분하지 않다.,잠
9-2-2024 13:07:48,여자,가천대학교,음악과,4학년,2시간 이상,있다.,1시간 미만,있을 곳 애매해서 공강 안 만듬,"카페, 도서관",1~2회,혼자,충분하지 않다.,과제
9-2-2024 13:07:55,여자,가천대학교,건축학,3학년,1시간 이상 - 2시간 미만,없다.,,,,,,충분하지 않다.,잠
9-2-2024 13:28:49,여자,가천대학교,건축학전공,2학년,30분 이상 - 1시간 미만,있다.,1~3시간,"대화, 잠",과방/과실,5회 이상,친구,충분하지 않다.,잠
9-2-2024 13:55:00,여자,가천대학교,성악,3학년,1시간 이상 - 2시간 미만,있다.,1~3시간,"대화, 식사","카페, 과방/과실",5회 이상,친구,충분하지 않다.,수다
9-2-2024 16:16:38,여자,가천대학교,성악전공,2학년,30분 이상 - 1시간 미만,없다.,,,,,,충분하지 않다.,잠
9-2-2024 17:10:08,남자,가천대학교,성악과,1학년,30분 이상 - 1시간 미만,있다.,1~3시간,"잠, 식사","동아리방, 과방/과실",3~5회,친구,충분하지 않다.,잠
